origem,destino,tipo_conexao,justificativa,peso,frequencia_estimada,fonte
AAX,PLU,regional,rota regular em base publica (1 registro(s) OpenFlights),316.7,1,OpenFlights routes + OurAirports airports
AAX,POJ,regional,rota regular em base publica (1 registro(s) OpenFlights),110.6,1,OpenFlights routes + OurAirports airports
AFL,CGB,hub,rota regular em base publica (2 registro(s) OpenFlights),643.4,2,OpenFlights routes + OurAirports airports
AJU,BSB,hub,rota regular em base publica (2 registro(s) OpenFlights),1292.5,2,OpenFlights routes + OurAirports airports
AJU,GIG,hub,rota regular em base publica (2 registro(s) OpenFlights),1469.4,2,OpenFlights routes + OurAirports airports
AJU,GRU,hub,rota regular em base publica (4 registro(s) OpenFlights),1704.9,4,OpenFlights routes + OurAirports airports
AJU,MCZ,regional,rota regular em base publica (2 registro(s) OpenFlights),215.4,2,OpenFlights routes + OurAirports airports
AJU,REC,regional,rota regular em base publica (4 registro(s) OpenFlights),395.5,4,OpenFlights routes + OurAirports airports
AJU,SDU,hub,rota regular em base publica (2 registro(s) OpenFlights),1475.2,2,OpenFlights routes + OurAirports airports
AJU,SSA,hub,rota regular em base publica (8 registro(s) OpenFlights),253.5,8,OpenFlights routes + OurAirports airports
AJU,VCP,hub,rota regular em base publica (2 registro(s) OpenFlights),1710.7,2,OpenFlights routes + OurAirports airports
AQA,VCP,hub,rota regular em base publica (2 registro(s) OpenFlights),167.9,2,OpenFlights routes + OurAirports airports
ARU,GRU,hub,rota regular em base publica (2 registro(s) OpenFlights),479.9,2,OpenFlights routes + OurAirports airports
ARU,VCP,hub,rota regular em base publica (2 registro(s) OpenFlights),397.4,2,OpenFlights routes + OurAirports airports
ATM,BEL,regional,rota regular em base publica (4 registro(s) OpenFlights),468.6,4,OpenFlights routes + OurAirports airports
ATM,ORX,regional,rota regular em base publica (1 registro(s) OpenFlights),433.2,1,OpenFlights routes + OurAirports airports
ATM,STM,regional,rota regular em base publica (2 registro(s) OpenFlights),296.7,2,OpenFlights routes + OurAirports airports
AUX,BSB,hub,rota regular em base publica (2 registro(s) OpenFlights),961.5,2,OpenFlights routes + OurAirports airports
AUX,MAB,regional,rota regular em base publica (2 registro(s) OpenFlights),229.3,2,OpenFlights routes + OurAirports airports
AUX,PMW,regional,rota regular em base publica (4 registro(s) OpenFlights),340.9,4,OpenFlights routes + OurAirports airports
BAZ,MAO,regional,rota regular em base publica (2 registro(s) OpenFlights),392.4,2,OpenFlights routes + OurAirports airports
BEL,BSB,hub,rota regular em base publica (4 registro(s) OpenFlights),1612.4,4,OpenFlights routes + OurAirports airports
BEL,BVS,regional,rota regular em base publica (1 registro(s) OpenFlights),220.6,1,OpenFlights routes + OurAirports airports
BEL,CKS,regional,rota regular em base publica (2 registro(s) OpenFlights),553.5,2,OpenFlights routes + OurAirports airports
BEL,CNF,hub,rota regular em base publica (2 registro(s) OpenFlights),2088.5,2,OpenFlights routes + OurAirports airports
BEL,FOR,inter-regional,rota regular em base publica (6 registro(s) OpenFlights),1136.2,6,OpenFlights routes + OurAirports airports
BEL,GIG,hub,rota regular em base publica (4 registro(s) OpenFlights),2448.9,4,OpenFlights routes + OurAirports airports
BEL,GRU,hub,rota regular em base publica (4 registro(s) OpenFlights),2461.6,4,OpenFlights routes + OurAirports airports
BEL,IMP,inter-regional,rota regular em base publica (2 registro(s) OpenFlights),475.3,2,OpenFlights routes + OurAirports airports
BEL,MAB,regional,rota regular em base publica (7 registro(s) OpenFlights),449.6,7,OpenFlights routes + OurAirports airports
BEL,MAO,regional,rota regular em base publica (6 registro(s) OpenFlights),1299.1,6,OpenFlights routes + OurAirports airports
BEL,MCP,regional,rota regular em base publica (6 registro(s) OpenFlights),329.5,6,OpenFlights routes + OurAirports airports
BEL,MEU,regional,rota regular em base publica (2 registro(s) OpenFlights),461.9,2,OpenFlights routes + OurAirports airports
BEL,SLZ,inter-regional,rota regular em base publica (5 registro(s) OpenFlights),490.0,5,OpenFlights routes + OurAirports airports
BEL,STM,regional,rota regular em base publica (8 registro(s) OpenFlights),711.5,8,OpenFlights routes + OurAirports airports
BEL,TUR,regional,rota regular em base publica (1 registro(s) OpenFlights),301.2,1,OpenFlights routes + OurAirports airports
BPS,CGH,hub,rota regular em base publica (2 registro(s) OpenFlights),1124.2,2,OpenFlights routes + OurAirports airports
BPS,CNF,hub,rota regular em base publica (7 registro(s) OpenFlights),627.1,7,OpenFlights routes + OurAirports airports
BPS,GRU,hub,rota regular em base publica (4 registro(s) OpenFlights),1095.5,4,OpenFlights routes + OurAirports airports
BPS,SDU,hub,rota regular em base publica (2 registro(s) OpenFlights),836.8,2,OpenFlights routes + OurAirports airports
BPS,SSA,hub,rota regular em base publica (4 registro(s) OpenFlights),400.9,4,OpenFlights routes + OurAirports airports
BPS,VCP,hub,rota regular em base publica (2 registro(s) OpenFlights),1114.9,2,OpenFlights routes + OurAirports airports
BRA,BSB,hub,rota regular em base publica (6 registro(s) OpenFlights),525.6,6,OpenFlights routes + OurAirports airports
BRA,SSA,hub,rota regular em base publica (6 registro(s) OpenFlights),731.7,6,OpenFlights routes + OurAirports airports
BSB,CGB,hub,rota regular em base publica (8 registro(s) OpenFlights),877.3,8,OpenFlights routes + OurAirports airports
BSB,CGH,hub,rota regular em base publica (6 registro(s) OpenFlights),872.8,6,OpenFlights routes + OurAirports airports
BSB,CGR,hub,rota regular em base publica (6 registro(s) OpenFlights),877.7,6,OpenFlights routes + OurAirports airports
BSB,CNF,hub,rota regular em base publica (8 registro(s) OpenFlights),592.2,8,OpenFlights routes + OurAirports airports
BSB,CWB,hub,rota regular em base publica (7 registro(s) OpenFlights),1081.9,7,OpenFlights routes + OurAirports airports
BSB,FLN,hub,rota regular em base publica (4 registro(s) OpenFlights),1313.8,4,OpenFlights routes + OurAirports airports
BSB,FOR,hub,rota regular em base publica (6 registro(s) OpenFlights),1691.8,6,OpenFlights routes + OurAirports airports
BSB,GIG,hub,rota regular em base publica (6 registro(s) OpenFlights),914.0,6,OpenFlights routes + OurAirports airports
BSB,GRU,hub,rota regular em base publica (8 registro(s) OpenFlights),854.5,8,OpenFlights routes + OurAirports airports
BSB,GYN,hub,rota regular em base publica (5 registro(s) OpenFlights),162.6,5,OpenFlights routes + OurAirports airports
BSB,IMP,hub,rota regular em base publica (4 registro(s) OpenFlights),1150.6,4,OpenFlights routes + OurAirports airports
BSB,IOS,hub,rota regular em base publica (2 registro(s) OpenFlights),960.1,2,OpenFlights routes + OurAirports airports
BSB,JDO,hub,rota regular em base publica (2 registro(s) OpenFlights),1345.9,2,OpenFlights routes + OurAirports airports
BSB,JPA,hub,rota regular em base publica (6 registro(s) OpenFlights),1712.5,6,OpenFlights routes + OurAirports airports
BSB,MAB,hub,rota regular em base publica (6 registro(s) OpenFlights),1175.1,6,OpenFlights routes + OurAirports airports
BSB,MAO,hub,rota regular em base publica (4 registro(s) OpenFlights),1948.6,4,OpenFlights routes + OurAirports airports
BSB,MCZ,hub,rota regular em base publica (6 registro(s) OpenFlights),1492.8,6,OpenFlights routes + OurAirports airports
BSB,MQH,hub,rota regular em base publica (1 registro(s) OpenFlights),259.7,1,OpenFlights routes + OurAirports airports
BSB,NAT,hub,rota regular em base publica (6 registro(s) OpenFlights),1770.7,6,OpenFlights routes + OurAirports airports
BSB,OPS,hub,rota regular em base publica (2 registro(s) OpenFlights),938.4,2,OpenFlights routes + OurAirports airports
BSB,PMW,hub,rota regular em base publica (6 registro(s) OpenFlights),622.0,6,OpenFlights routes + OurAirports airports
BSB,PNZ,hub,rota regular em base publica (2 registro(s) OpenFlights),1076.6,2,OpenFlights routes + OurAirports airports
BSB,POA,hub,rota regular em base publica (4 registro(s) OpenFlights),1605.1,4,OpenFlights routes + OurAirports airports
BSB,PVH,hub,rota regular em base publica (4 registro(s) OpenFlights),1908.8,4,OpenFlights routes + OurAirports airports
BSB,RAO,hub,rota regular em base publica (4 registro(s) OpenFlights),585.7,4,OpenFlights routes + OurAirports airports
BSB,RBR,hub,rota regular em base publica (4 registro(s) OpenFlights),2264.0,4,OpenFlights routes + OurAirports airports
BSB,REC,hub,rota regular em base publica (6 registro(s) OpenFlights),1654.0,6,OpenFlights routes + OurAirports airports
BSB,SDU,hub,rota regular em base publica (6 registro(s) OpenFlights),928.2,6,OpenFlights routes + OurAirports airports
BSB,SJP,hub,rota regular em base publica (2 registro(s) OpenFlights),572.1,2,OpenFlights routes + OurAirports airports
BSB,SLZ,hub,rota regular em base publica (4 registro(s) OpenFlights),1531.1,4,OpenFlights routes + OurAirports airports
BSB,SSA,hub,rota regular em base publica (6 registro(s) OpenFlights),1084.8,6,OpenFlights routes + OurAirports airports
BSB,THE,hub,rota regular em base publica (4 registro(s) OpenFlights),1324.5,4,OpenFlights routes + OurAirports airports
BSB,UDI,hub,rota regular em base publica (4 registro(s) OpenFlights),336.7,4,OpenFlights routes + OurAirports airports
BSB,VCP,hub,rota regular em base publica (6 registro(s) OpenFlights),798.0,6,OpenFlights routes + OurAirports airports
BSB,VIX,hub,rota regular em base publica (2 registro(s) OpenFlights),943.0,2,OpenFlights routes + OurAirports airports
BSS,IMP,regional,rota regular em base publica (1 registro(s) OpenFlights),270.8,1,OpenFlights routes + OurAirports airports
BVB,MAO,regional,rota regular em base publica (6 registro(s) OpenFlights),658.2,6,OpenFlights routes + OurAirports airports
BVH,CGB,hub,rota regular em base publica (2 registro(s) OpenFlights),540.8,2,OpenFlights routes + OurAirports airports
BYO,VCP,hub,rota regular em base publica (2 registro(s) OpenFlights),979.3,2,OpenFlights routes + OurAirports airports
CAC,CWB,hub,rota regular em base publica (2 registro(s) OpenFlights),438.9,2,OpenFlights routes + OurAirports airports
CAC,GRU,hub,rota regular em base publica (2 registro(s) OpenFlights),734.0,2,OpenFlights routes + OurAirports airports
CAC,VCP,hub,rota regular em base publica (2 registro(s) OpenFlights),683.5,2,OpenFlights routes + OurAirports airports
CAW,MEA,regional,rota regular em base publica (2 registro(s) OpenFlights),86.2,2,OpenFlights routes + OurAirports airports
CAW,SDU,hub,rota regular em base publica (3 registro(s) OpenFlights),234.1,3,OpenFlights routes + OurAirports airports
CAW,VIX,regional,rota regular em base publica (2 registro(s) OpenFlights),191.8,2,OpenFlights routes + OurAirports airports
CCM,FLN,regional,rota regular em base publica (2 registro(s) OpenFlights),145.2,2,OpenFlights routes + OurAirports airports
CCM,VCP,hub,rota regular em base publica (2 registro(s) OpenFlights),675.8,2,OpenFlights routes + OurAirports airports
CDJ,CMP,regional,rota regular em base publica (1 registro(s) OpenFlights),156.2,1,OpenFlights routes + OurAirports airports
CDJ,RDC,regional,rota regular em base publica (1 registro(s) OpenFlights),82.6,1,OpenFlights routes + OurAirports airports
CFB,PLU,regional,rota regular em base publica (2 registro(s) OpenFlights),392.9,2,OpenFlights routes + OurAirports airports
CFB,SDU,hub,rota regular em base publica (2 registro(s) OpenFlights),111.7,2,OpenFlights routes + OurAirports airports
CFB,VCP,hub,rota regular em base publica (2 registro(s) OpenFlights),518.4,2,OpenFlights routes + OurAirports airports
CFC,CWB,hub,rota regular em base publica (2 registro(s) OpenFlights),224.9,2,OpenFlights routes + OurAirports airports
CFC,JCB,regional,rota regular em base publica (2 registro(s) OpenFlights),74.3,2,OpenFlights routes + OurAirports airports
CGB,CGH,hub,rota regular em base publica (4 registro(s) OpenFlights),1328.8,4,OpenFlights routes + OurAirports airports
CGB,CGR,hub,rota regular em base publica (6 registro(s) OpenFlights),556.9,6,OpenFlights routes + OurAirports airports
CGB,CNF,hub,rota regular em base publica (2 registro(s) OpenFlights),1360.9,2,OpenFlights routes + OurAirports airports
CGB,GIG,hub,rota regular em base publica (2 registro(s) OpenFlights),1566.5,2,OpenFlights routes + OurAirports airports
CGB,GRU,hub,rota regular em base publica (8 registro(s) OpenFlights),1329.5,8,OpenFlights routes + OurAirports airports
CGB,GYN,hub,rota regular em base publica (6 registro(s) OpenFlights),744.5,6,OpenFlights routes + OurAirports airports
CGB,JPR,hub,rota regular em base publica (4 registro(s) OpenFlights),816.7,4,OpenFlights routes + OurAirports airports
CGB,LDB,hub,rota regular em base publica (2 registro(s) OpenFlights),1001.2,2,OpenFlights routes + OurAirports airports
CGB,MGF,hub,rota regular em base publica (2 registro(s) OpenFlights),970.0,2,OpenFlights routes + OurAirports airports
CGB,OAL,hub,rota regular em base publica (2 registro(s) OpenFlights),738.8,2,OpenFlights routes + OurAirports airports
CGB,OPS,hub,rota regular em base publica (4 registro(s) OpenFlights),422.9,4,OpenFlights routes + OurAirports airports
CGB,PVH,hub,rota regular em base publica (6 registro(s) OpenFlights),1145.1,6,OpenFlights routes + OurAirports airports
CGB,ROO,hub,rota regular em base publica (2 registro(s) OpenFlights),181.2,2,OpenFlights routes + OurAirports airports
CGB,SJP,hub,rota regular em base publica (2 registro(s) OpenFlights),911.8,2,OpenFlights routes + OurAirports airports
CGB,VCP,hub,rota regular em base publica (2 registro(s) OpenFlights),1247.1,2,OpenFlights routes + OurAirports airports
CGH,CGR,hub,rota regular em base publica (4 registro(s) OpenFlights),897.8,4,OpenFlights routes + OurAirports airports
CGH,CLV,hub,rota regular em base publica (2 registro(s) OpenFlights),687.0,2,OpenFlights routes + OurAirports airports
CGH,CNF,hub,rota regular em base publica (4 registro(s) OpenFlights),523.6,4,OpenFlights routes + OurAirports airports
CGH,CWB,hub,rota regular em base publica (4 registro(s) OpenFlights),331.1,4,OpenFlights routes + OurAirports airports
CGH,CXJ,hub,rota regular em base publica (2 registro(s) OpenFlights),766.2,2,OpenFlights routes + OurAirports airports
CGH,FLN,hub,rota regular em base publica (6 registro(s) OpenFlights),488.1,6,OpenFlights routes + OurAirports airports
CGH,GIG,hub,rota regular em base publica (4 registro(s) OpenFlights),359.5,4,OpenFlights routes + OurAirports airports
CGH,GYN,hub,rota regular em base publica (4 registro(s) OpenFlights),822.6,4,OpenFlights routes + OurAirports airports
CGH,IGU,hub,rota regular em base publica (2 registro(s) OpenFlights),821.5,2,OpenFlights routes + OurAirports airports
CGH,IOS,hub,rota regular em base publica (2 registro(s) OpenFlights),1264.3,2,OpenFlights routes + OurAirports airports
CGH,JOI,hub,rota regular em base publica (4 registro(s) OpenFlights),360.6,4,OpenFlights routes + OurAirports airports
CGH,JTC,hub,rota regular em base publica (2 registro(s) OpenFlights),296.4,2,OpenFlights routes + OurAirports airports
CGH,LDB,hub,rota regular em base publica (4 registro(s) OpenFlights),457.4,4,OpenFlights routes + OurAirports airports
CGH,MGF,hub,rota regular em base publica (2 registro(s) OpenFlights),546.7,2,OpenFlights routes + OurAirports airports
CGH,NVT,hub,rota regular em base publica (4 registro(s) OpenFlights),413.6,4,OpenFlights routes + OurAirports airports
CGH,POA,hub,rota regular em base publica (4 registro(s) OpenFlights),837.5,4,OpenFlights routes + OurAirports airports
CGH,PPB,hub,rota regular em base publica (2 registro(s) OpenFlights),514.6,2,OpenFlights routes + OurAirports airports
CGH,RAO,hub,rota regular em base publica (2 registro(s) OpenFlights),300.2,2,OpenFlights routes + OurAirports airports
CGH,SDU,hub,rota regular em base publica (8 registro(s) OpenFlights),365.5,8,OpenFlights routes + OurAirports airports
CGH,SJP,hub,rota regular em base publica (2 registro(s) OpenFlights),421.8,2,OpenFlights routes + OurAirports airports
CGH,SSA,hub,rota regular em base publica (6 registro(s) OpenFlights),1480.4,6,OpenFlights routes + OurAirports airports
CGH,UDI,hub,rota regular em base publica (4 registro(s) OpenFlights),552.1,4,OpenFlights routes + OurAirports airports
CGH,VIX,hub,rota regular em base publica (4 registro(s) OpenFlights),756.1,4,OpenFlights routes + OurAirports airports
CGR,CMG,regional,rota regular em base publica (2 registro(s) OpenFlights),353.2,2,OpenFlights routes + OurAirports airports
CGR,CWB,hub,rota regular em base publica (2 registro(s) OpenFlights),795.5,2,OpenFlights routes + OurAirports airports
CGR,DOU,regional,rota regular em base publica (2 registro(s) OpenFlights),194.3,2,OpenFlights routes + OurAirports airports
CGR,GIG,hub,rota regular em base publica (2 registro(s) OpenFlights),1208.7,2,OpenFlights routes + OurAirports airports
CGR,GRU,hub,rota regular em base publica (6 registro(s) OpenFlights),907.7,6,OpenFlights routes + OurAirports airports
CGR,MGF,inter-regional,rota regular em base publica (2 registro(s) OpenFlights),432.2,2,OpenFlights routes + OurAirports airports
CGR,VCP,hub,rota regular em base publica (2 registro(s) OpenFlights),828.1,2,OpenFlights routes + OurAirports airports
CIZ,MAO,regional,rota regular em base publica (2 registro(s) OpenFlights),363.2,2,OpenFlights routes + OurAirports airports
CKS,CNF,hub,rota regular em base publica (2 registro(s) OpenFlights),1638.7,2,OpenFlights routes + OurAirports airports
CKS,MAB,regional,rota regular em base publica (3 registro(s) OpenFlights),126.9,3,OpenFlights routes + OurAirports airports
CKS,OIA,regional,rota regular em base publica (1 registro(s) OpenFlights),136.1,1,OpenFlights routes + OurAirports airports
CLV,VCP,hub,rota regular em base publica (2 registro(s) OpenFlights),607.1,2,OpenFlights routes + OurAirports airports
CNF,CPV,hub,rota regular em base publica (1 registro(s) OpenFlights),1627.6,1,OpenFlights routes + OurAirports airports
CNF,CWB,hub,rota regular em base publica (2 registro(s) OpenFlights),845.5,2,OpenFlights routes + OurAirports airports
CNF,FOR,hub,rota regular em base publica (2 registro(s) OpenFlights),1859.5,2,OpenFlights routes + OurAirports airports
CNF,GIG,hub,rota regular em base publica (4 registro(s) OpenFlights),360.7,4,OpenFlights routes + OurAirports airports
CNF,GRU,hub,rota regular em base publica (7 registro(s) OpenFlights),495.1,7,OpenFlights routes + OurAirports airports
CNF,GYN,hub,rota regular em base publica (4 registro(s) OpenFlights),647.8,4,OpenFlights routes + OurAirports airports
CNF,IMP,hub,rota regular em base publica (2 registro(s) OpenFlights),1613.2,2,OpenFlights routes + OurAirports airports
CNF,IOS,hub,rota regular em base publica (2 registro(s) OpenFlights),749.4,2,OpenFlights routes + OurAirports airports
CNF,IPN,hub,rota regular em base publica (2 registro(s) OpenFlights),156.1,2,OpenFlights routes + OurAirports airports
CNF,IZA,hub,rota regular em base publica (2 registro(s) OpenFlights),224.5,2,OpenFlights routes + OurAirports airports
CNF,MAO,hub,rota regular em base publica (2 registro(s) OpenFlights),2540.8,2,OpenFlights routes + OurAirports airports
CNF,MOC,hub,rota regular em base publica (4 registro(s) OpenFlights),326.0,4,OpenFlights routes + OurAirports airports
CNF,NAT,hub,rota regular em base publica (1 registro(s) OpenFlights),1800.7,1,OpenFlights routes + OurAirports airports
CNF,PNZ,hub,rota regular em base publica (1 registro(s) OpenFlights),1199.3,1,OpenFlights routes + OurAirports airports
CNF,POA,hub,rota regular em base publica (2 registro(s) OpenFlights),1361.0,2,OpenFlights routes + OurAirports airports
CNF,RAO,hub,rota regular em base publica (2 registro(s) OpenFlights),430.4,2,OpenFlights routes + OurAirports airports
CNF,REC,hub,rota regular em base publica (4 registro(s) OpenFlights),1608.3,4,OpenFlights routes + OurAirports airports
CNF,SDU,hub,rota regular em base publica (6 registro(s) OpenFlights),373.5,6,OpenFlights routes + OurAirports airports
CNF,SLZ,hub,rota regular em base publica (2 registro(s) OpenFlights),1896.0,2,OpenFlights routes + OurAirports airports
CNF,SSA,hub,rota regular em base publica (6 registro(s) OpenFlights),960.2,6,OpenFlights routes + OurAirports airports
CNF,UBA,hub,rota regular em base publica (2 registro(s) OpenFlights),418.8,2,OpenFlights routes + OurAirports airports
CNF,UDI,hub,rota regular em base publica (4 registro(s) OpenFlights),454.8,4,OpenFlights routes + OurAirports airports
CNF,VCP,hub,rota regular em base publica (4 registro(s) OpenFlights),498.2,4,OpenFlights routes + OurAirports airports
CNF,VDC,hub,rota regular em base publica (2 registro(s) OpenFlights),617.5,2,OpenFlights routes + OurAirports airports
CNF,VIX,hub,rota regular em base publica (4 registro(s) OpenFlights),391.0,4,OpenFlights routes + OurAirports airports
CPV,PNZ,regional,rota regular em base publica (1 registro(s) OpenFlights),564.3,1,OpenFlights routes + OurAirports airports
CPV,SSA,hub,rota regular em base publica (2 registro(s) OpenFlights),680.9,2,OpenFlights routes + OurAirports airports
CWB,CXJ,hub,rota regular em base publica (2 registro(s) OpenFlights),453.7,2,OpenFlights routes + OurAirports airports
CWB,FLN,hub,rota regular em base publica (2 registro(s) OpenFlights),246.1,2,OpenFlights routes + OurAirports airports
CWB,GIG,hub,rota regular em base publica (7 registro(s) OpenFlights),672.7,7,OpenFlights routes + OurAirports airports
CWB,GPB,hub,rota regular em base publica (2 registro(s) OpenFlights),236.2,2,OpenFlights routes + OurAirports airports
CWB,GRU,hub,rota regular em base publica (7 registro(s) OpenFlights),359.7,7,OpenFlights routes + OurAirports airports
CWB,IGU,hub,rota regular em base publica (6 registro(s) OpenFlights),533.0,6,OpenFlights routes + OurAirports airports
CWB,LDB,hub,rota regular em base publica (7 registro(s) OpenFlights),314.0,7,OpenFlights routes + OurAirports airports
CWB,MGF,hub,rota regular em base publica (6 registro(s) OpenFlights),367.0,6,OpenFlights routes + OurAirports airports
CWB,POA,hub,rota regular em base publica (8 registro(s) OpenFlights),533.8,8,OpenFlights routes + OurAirports airports
CWB,RAO,hub,rota regular em base publica (2 registro(s) OpenFlights),509.1,2,OpenFlights routes + OurAirports airports
CWB,SDU,hub,rota regular em base publica (2 registro(s) OpenFlights),675.6,2,OpenFlights routes + OurAirports airports
CWB,SSA,hub,rota regular em base publica (2 registro(s) OpenFlights),1805.6,2,OpenFlights routes + OurAirports airports
CWB,VCP,hub,rota regular em base publica (4 registro(s) OpenFlights),348.4,4,OpenFlights routes + OurAirports airports
CWB,XAP,hub,rota regular em base publica (2 registro(s) OpenFlights),390.1,2,OpenFlights routes + OurAirports airports
CXJ,VCP,hub,rota regular em base publica (2 registro(s) OpenFlights),798.3,2,OpenFlights routes + OurAirports airports
CZS,RBR,regional,rota regular em base publica (2 registro(s) OpenFlights),592.2,2,OpenFlights routes + OurAirports airports
DOU,GRU,hub,rota regular em base publica (2 registro(s) OpenFlights),877.3,2,OpenFlights routes + OurAirports airports
DOU,VCP,hub,rota regular em base publica (2 registro(s) OpenFlights),804.8,2,OpenFlights routes + OurAirports airports
ERM,JCB,regional,rota regular em base publica (2 registro(s) OpenFlights),89.5,2,OpenFlights routes + OurAirports airports
ERM,PFB,regional,rota regular em base publica (2 registro(s) OpenFlights),64.8,2,OpenFlights routes + OurAirports airports
ERM,POA,hub,rota regular em base publica (1 registro(s) OpenFlights),280.6,1,OpenFlights routes + OurAirports airports
ERN,TFF,regional,rota regular em base publica (2 registro(s) OpenFlights),676.1,2,OpenFlights routes + OurAirports airports
FEN,NAT,regional,rota regular em base publica (2 registro(s) OpenFlights),389.5,2,OpenFlights routes + OurAirports airports
FEN,REC,regional,rota regular em base publica (4 registro(s) OpenFlights),549.7,4,OpenFlights routes + OurAirports airports
FLN,GIG,hub,rota regular em base publica (6 registro(s) OpenFlights),759.0,6,OpenFlights routes + OurAirports airports
FLN,GRU,hub,rota regular em base publica (6 registro(s) OpenFlights),515.5,6,OpenFlights routes + OurAirports airports
FLN,JCB,regional,rota regular em base publica (2 registro(s) OpenFlights),301.3,2,OpenFlights routes + OurAirports airports
FLN,POA,hub,rota regular em base publica (4 registro(s) OpenFlights),362.8,4,OpenFlights routes + OurAirports airports
FLN,VCP,hub,rota regular em base publica (2 registro(s) OpenFlights),537.7,2,OpenFlights routes + OurAirports airports
FLN,XAP,regional,rota regular em base publica (4 registro(s) OpenFlights),409.5,4,OpenFlights routes + OurAirports airports
FOR,GIG,hub,rota regular em base publica (6 registro(s) OpenFlights),2176.6,6,OpenFlights routes + OurAirports airports
FOR,GRU,hub,rota regular em base publica (6 registro(s) OpenFlights),2346.1,6,OpenFlights routes + OurAirports airports
FOR,JDO,regional,rota regular em base publica (2 registro(s) OpenFlights),391.5,2,OpenFlights routes + OurAirports airports
FOR,JPA,regional,rota regular em base publica (2 registro(s) OpenFlights),545.7,2,OpenFlights routes + OurAirports airports
FOR,MAO,inter-regional,rota regular em base publica (2 registro(s) OpenFlights),2389.7,2,OpenFlights routes + OurAirports airports
FOR,NAT,regional,rota regular em base publica (5 registro(s) OpenFlights),415.0,5,OpenFlights routes + OurAirports airports
FOR,PHB,regional,rota regular em base publica (2 registro(s) OpenFlights),368.5,2,OpenFlights routes + OurAirports airports
FOR,REC,regional,rota regular em base publica (6 registro(s) OpenFlights),627.2,6,OpenFlights routes + OurAirports airports
FOR,SLZ,regional,rota regular em base publica (6 registro(s) OpenFlights),646.8,6,OpenFlights routes + OurAirports airports
FOR,SSA,hub,rota regular em base publica (4 registro(s) OpenFlights),1015.8,4,OpenFlights routes + OurAirports airports
FOR,THE,regional,rota regular em base publica (6 registro(s) OpenFlights),496.7,6,OpenFlights routes + OurAirports airports
FOR,VCP,hub,rota regular em base publica (2 registro(s) OpenFlights),2330.1,2,OpenFlights routes + OurAirports airports
GEL,POA,hub,rota regular em base publica (1 registro(s) OpenFlights),348.2,1,OpenFlights routes + OurAirports airports
GEL,RIA,regional,rota regular em base publica (2 registro(s) OpenFlights),165.6,2,OpenFlights routes + OurAirports airports
GEL,SRA,regional,rota regular em base publica (1 registro(s) OpenFlights),54.2,1,OpenFlights routes + OurAirports airports
GIG,GRU,hub,rota regular em base publica (9 registro(s) OpenFlights),336.4,9,OpenFlights routes + OurAirports airports
GIG,GYN,hub,rota regular em base publica (2 registro(s) OpenFlights),928.4,2,OpenFlights routes + OurAirports airports
GIG,IGU,hub,rota regular em base publica (4 registro(s) OpenFlights),1180.7,4,OpenFlights routes + OurAirports airports
GIG,JPA,hub,rota regular em base publica (6 registro(s) OpenFlights),1954.8,6,OpenFlights routes + OurAirports airports
GIG,MAO,hub,rota regular em base publica (4 registro(s) OpenFlights),2847.6,4,OpenFlights routes + OurAirports airports
GIG,MCZ,hub,rota regular em base publica (4 registro(s) OpenFlights),1678.5,4,OpenFlights routes + OurAirports airports
GIG,NAT,hub,rota regular em base publica (4 registro(s) OpenFlights),2075.0,4,OpenFlights routes + OurAirports airports
GIG,NVT,hub,rota regular em base publica (2 registro(s) OpenFlights),708.1,2,OpenFlights routes + OurAirports airports
GIG,POA,hub,rota regular em base publica (6 registro(s) OpenFlights),1121.7,6,OpenFlights routes + OurAirports airports
GIG,RAO,hub,rota regular em base publica (2 registro(s) OpenFlights),502.3,2,OpenFlights routes + OurAirports airports
GIG,REC,hub,rota regular em base publica (6 registro(s) OpenFlights),1859.2,6,OpenFlights routes + OurAirports airports
GIG,SLZ,hub,rota regular em base publica (4 registro(s) OpenFlights),2251.3,4,OpenFlights routes + OurAirports airports
GIG,SSA,hub,rota regular em base publica (6 registro(s) OpenFlights),1217.9,6,OpenFlights routes + OurAirports airports
GIG,VCP,hub,rota regular em base publica (6 registro(s) OpenFlights),398.4,6,OpenFlights routes + OurAirports airports
GIG,VIX,hub,rota regular em base publica (4 registro(s) OpenFlights),417.8,4,OpenFlights routes + OurAirports airports
GNM,LAZ,regional,rota regular em base publica (1 registro(s) OpenFlights),127.2,1,OpenFlights routes + OurAirports airports
GNM,SSA,hub,rota regular em base publica (1 registro(s) OpenFlights),499.5,1,OpenFlights routes + OurAirports airports
GRP,MQH,inter-regional,rota regular em base publica (1 registro(s) OpenFlights),225.4,1,OpenFlights routes + OurAirports airports
GRP,SXO,inter-regional,rota regular em base publica (1 registro(s) OpenFlights),170.0,1,OpenFlights routes + OurAirports airports
GRU,GYN,hub,rota regular em base publica (6 registro(s) OpenFlights),808.7,6,OpenFlights routes + OurAirports airports
GRU,IGU,hub,rota regular em base publica (4 registro(s) OpenFlights),846.1,4,OpenFlights routes + OurAirports airports
GRU,IOS,hub,rota regular em base publica (2 registro(s) OpenFlights),1235.5,2,OpenFlights routes + OurAirports airports
GRU,IPN,hub,rota regular em base publica (2 registro(s) OpenFlights),603.1,2,OpenFlights routes + OurAirports airports
GRU,JDO,hub,rota regular em base publica (2 registro(s) OpenFlights),1959.9,2,OpenFlights routes + OurAirports airports
GRU,JOI,hub,rota regular em base publica (2 registro(s) OpenFlights),389.4,2,OpenFlights routes + OurAirports airports
GRU,JPA,hub,rota regular em base publica (4 registro(s) OpenFlights),2189.0,4,OpenFlights routes + OurAirports airports
GRU,LDB,hub,rota regular em base publica (4 registro(s) OpenFlights),475.6,4,OpenFlights routes + OurAirports airports
GRU,MAO,hub,rota regular em base publica (6 registro(s) OpenFlights),2697.3,6,OpenFlights routes + OurAirports airports
GRU,MCZ,hub,rota regular em base publica (6 registro(s) OpenFlights),1919.2,6,OpenFlights routes + OurAirports airports
GRU,MGF,hub,rota regular em base publica (2 registro(s) OpenFlights),565.7,2,OpenFlights routes + OurAirports airports
GRU,NAT,hub,rota regular em base publica (6 registro(s) OpenFlights),2295.7,6,OpenFlights routes + OurAirports airports
GRU,NVT,hub,rota regular em base publica (4 registro(s) OpenFlights),441.8,4,OpenFlights routes + OurAirports airports
GRU,PFB,hub,rota regular em base publica (2 registro(s) OpenFlights),793.5,2,OpenFlights routes + OurAirports airports
GRU,PLU,hub,rota regular em base publica (2 registro(s) OpenFlights),475.7,2,OpenFlights routes + OurAirports airports
GRU,POA,hub,rota regular em base publica (8 registro(s) OpenFlights),865.9,8,OpenFlights routes + OurAirports airports
GRU,RAO,hub,rota regular em base publica (6 registro(s) OpenFlights),288.5,6,OpenFlights routes + OurAirports airports
GRU,REC,hub,rota regular em base publica (8 registro(s) OpenFlights),2100.2,8,OpenFlights routes + OurAirports airports
GRU,SDU,hub,rota regular em base publica (4 registro(s) OpenFlights),343.0,4,OpenFlights routes + OurAirports airports
GRU,SJP,hub,rota regular em base publica (2 registro(s) OpenFlights),419.5,2,OpenFlights routes + OurAirports airports
GRU,SLZ,hub,rota regular em base publica (4 registro(s) OpenFlights),2330.3,4,OpenFlights routes + OurAirports airports
GRU,SSA,hub,rota regular em base publica (8 registro(s) OpenFlights),1451.6,8,OpenFlights routes + OurAirports airports
GRU,THE,hub,rota regular em base publica (4 registro(s) OpenFlights),2079.8,4,OpenFlights routes + OurAirports airports
GRU,UBA,hub,rota regular em base publica (2 registro(s) OpenFlights),436.0,2,OpenFlights routes + OurAirports airports
GRU,UDI,hub,rota regular em base publica (6 registro(s) OpenFlights),537.4,6,OpenFlights routes + OurAirports airports
GRU,VDC,hub,rota regular em base publica (2 registro(s) OpenFlights),1112.6,2,OpenFlights routes + OurAirports airports
GRU,VIX,hub,rota regular em base publica (4 registro(s) OpenFlights),729.2,4,OpenFlights routes + OurAirports airports
GVR,PLU,regional,rota regular em base publica (2 registro(s) OpenFlights),232.1,2,OpenFlights routes + OurAirports airports
GYN,PMW,inter-regional,rota regular em base publica (4 registro(s) OpenFlights),711.2,4,OpenFlights routes + OurAirports airports
GYN,RAO,inter-regional,rota regular em base publica (4 registro(s) OpenFlights),523.2,4,OpenFlights routes + OurAirports airports
GYN,SDU,hub,rota regular em base publica (2 registro(s) OpenFlights),942.7,2,OpenFlights routes + OurAirports airports
GYN,UDI,inter-regional,rota regular em base publica (4 registro(s) OpenFlights),271.6,4,OpenFlights routes + OurAirports airports
GYN,VCP,hub,rota regular em base publica (2 registro(s) OpenFlights),741.7,2,OpenFlights routes + OurAirports airports
IGU,POA,hub,rota regular em base publica (2 registro(s) OpenFlights),588.2,2,OpenFlights routes + OurAirports airports
IGU,VCP,hub,rota regular em base publica (2 registro(s) OpenFlights),798.8,2,OpenFlights routes + OurAirports airports
IMP,MAB,inter-regional,rota regular em base publica (1 registro(s) OpenFlights),186.6,1,OpenFlights routes + OurAirports airports
IMP,SLZ,regional,rota regular em base publica (4 registro(s) OpenFlights),484.9,4,OpenFlights routes + OurAirports airports
IOS,SDU,hub,rota regular em base publica (2 registro(s) OpenFlights),999.2,2,OpenFlights routes + OurAirports airports
IOS,SSA,hub,rota regular em base publica (6 registro(s) OpenFlights),225.5,6,OpenFlights routes + OurAirports airports
IOS,VCP,hub,rota regular em base publica (2 registro(s) OpenFlights),1246.6,2,OpenFlights routes + OurAirports airports
IPN,PLU,regional,rota regular em base publica (2 registro(s) OpenFlights),158.9,2,OpenFlights routes + OurAirports airports
IRZ,TFF,regional,rota regular em base publica (2 registro(s) OpenFlights),335.4,2,OpenFlights routes + OurAirports airports
ITB,STM,regional,rota regular em base publica (4 registro(s) OpenFlights),242.7,4,OpenFlights routes + OurAirports airports
IZA,VCP,hub,rota regular em base publica (2 registro(s) OpenFlights),440.2,2,OpenFlights routes + OurAirports airports
JDO,REC,regional,rota regular em base publica (2 registro(s) OpenFlights),489.5,2,OpenFlights routes + OurAirports airports
JDO,VCP,hub,rota regular em base publica (2 registro(s) OpenFlights),1946.6,2,OpenFlights routes + OurAirports airports
JOI,POA,hub,rota regular em base publica (2 registro(s) OpenFlights),479.3,2,OpenFlights routes + OurAirports airports
JOI,VCP,hub,rota regular em base publica (2 registro(s) OpenFlights),395.2,2,OpenFlights routes + OurAirports airports
JPA,SSA,hub,rota regular em base publica (2 registro(s) OpenFlights),739.2,2,OpenFlights routes + OurAirports airports
JPA,VCP,hub,rota regular em base publica (2 registro(s) OpenFlights),2192.5,2,OpenFlights routes + OurAirports airports
JTC,MII,regional,rota regular em base publica (2 registro(s) OpenFlights),88.2,2,OpenFlights routes + OurAirports airports
JTC,VCP,hub,rota regular em base publica (2 registro(s) OpenFlights),219.9,2,OpenFlights routes + OurAirports airports
LAZ,SSA,hub,rota regular em base publica (1 registro(s) OpenFlights),552.2,1,OpenFlights routes + OurAirports airports
LDB,MGF,regional,rota regular em base publica (2 registro(s) OpenFlights),92.0,2,OpenFlights routes + OurAirports airports
LDB,POA,hub,rota regular em base publica (2 registro(s) OpenFlights),740.5,2,OpenFlights routes + OurAirports airports
LDB,VCP,hub,rota regular em base publica (2 registro(s) OpenFlights),409.9,2,OpenFlights routes + OurAirports airports
LEC,SSA,hub,rota regular em base publica (2 registro(s) OpenFlights),324.0,2,OpenFlights routes + OurAirports airports
MAB,OIA,regional,rota regular em base publica (1 registro(s) OpenFlights),262.2,1,OpenFlights routes + OurAirports airports
MAB,RDC,regional,rota regular em base publica (1 registro(s) OpenFlights),310.3,1,OpenFlights routes + OurAirports airports
MAB,TUR,regional,rota regular em base publica (1 registro(s) OpenFlights),187.4,1,OpenFlights routes + OurAirports airports
MAO,PIN,regional,rota regular em base publica (2 registro(s) OpenFlights),365.6,2,OpenFlights routes + OurAirports airports
MAO,PVH,regional,rota regular em base publica (4 registro(s) OpenFlights),760.9,4,OpenFlights routes + OurAirports airports
MAO,STM,regional,rota regular em base publica (8 registro(s) OpenFlights),587.9,8,OpenFlights routes + OurAirports airports
MAO,TBT,regional,rota regular em base publica (2 registro(s) OpenFlights),1105.3,2,OpenFlights routes + OurAirports airports
MAO,TFF,regional,rota regular em base publica (2 registro(s) OpenFlights),520.4,2,OpenFlights routes + OurAirports airports
MAO,VCP,hub,rota regular em base publica (2 registro(s) OpenFlights),2620.0,2,OpenFlights routes + OurAirports airports
MCZ,REC,regional,rota regular em base publica (2 registro(s) OpenFlights),181.2,2,OpenFlights routes + OurAirports airports
MCZ,SSA,hub,rota regular em base publica (4 registro(s) OpenFlights),467.7,4,OpenFlights routes + OurAirports airports
MCZ,VCP,hub,rota regular em base publica (2 registro(s) OpenFlights),1925.8,2,OpenFlights routes + OurAirports airports
MEA,SDU,hub,rota regular em base publica (4 registro(s) OpenFlights),156.6,4,OpenFlights routes + OurAirports airports
MEA,VCP,hub,rota regular em base publica (2 registro(s) OpenFlights),555.7,2,OpenFlights routes + OurAirports airports
MEU,ORX,regional,rota regular em base publica (1 registro(s) OpenFlights),371.0,1,OpenFlights routes + OurAirports airports
MEU,STM,regional,rota regular em base publica (2 registro(s) OpenFlights),297.2,2,OpenFlights routes + OurAirports airports
MGF,POA,hub,rota regular em base publica (2 registro(s) OpenFlights),729.6,2,OpenFlights routes + OurAirports airports
MGF,VCP,hub,rota regular em base publica (2 registro(s) OpenFlights),501.5,2,OpenFlights routes + OurAirports airports
MII,VCP,hub,rota regular em base publica (2 registro(s) OpenFlights),300.4,2,OpenFlights routes + OurAirports airports
MOC,PLU,regional,rota regular em base publica (2 registro(s) OpenFlights),349.9,2,OpenFlights routes + OurAirports airports
MTE,STM,regional,rota regular em base publica (1 registro(s) OpenFlights),92.9,1,OpenFlights routes + OurAirports airports
NAT,REC,regional,rota regular em base publica (2 registro(s) OpenFlights),266.7,2,OpenFlights routes + OurAirports airports
NAT,SSA,hub,rota regular em base publica (2 registro(s) OpenFlights),857.4,2,OpenFlights routes + OurAirports airports
NAT,VCP,hub,rota regular em base publica (2 registro(s) OpenFlights),2294.7,2,OpenFlights routes + OurAirports airports
NVT,POA,hub,rota regular em base publica (2 registro(s) OpenFlights),424.8,2,OpenFlights routes + OurAirports airports
NVT,VCP,hub,rota regular em base publica (2 registro(s) OpenFlights),456.9,2,OpenFlights routes + OurAirports airports
OIA,SXX,regional,rota regular em base publica (1 registro(s) OpenFlights),100.6,1,OpenFlights routes + OurAirports airports
OLC,TFF,regional,rota regular em base publica (2 registro(s) OpenFlights),465.9,2,OpenFlights routes + OurAirports airports
ORX,STM,regional,rota regular em base publica (1 registro(s) OpenFlights),140.1,1,OpenFlights routes + OurAirports airports
PAV,SSA,hub,rota regular em base publica (2 registro(s) OpenFlights),390.1,2,OpenFlights routes + OurAirports airports
PET,POA,hub,rota regular em base publica (4 registro(s) OpenFlights),221.3,4,OpenFlights routes + OurAirports airports
PET,RIG,regional,rota regular em base publica (3 registro(s) OpenFlights),43.4,3,OpenFlights routes + OurAirports airports
PFB,POA,hub,rota regular em base publica (4 registro(s) OpenFlights),224.9,4,OpenFlights routes + OurAirports airports
PFB,VCP,hub,rota regular em base publica (2 registro(s) OpenFlights),780.9,2,OpenFlights routes + OurAirports airports
PHB,THE,regional,rota regular em base publica (2 registro(s) OpenFlights),269.6,2,OpenFlights routes + OurAirports airports
PLU,POJ,regional,rota regular em base publica (2 registro(s) OpenFlights),297.2,2,OpenFlights routes + OurAirports airports
PLU,RAO,regional,rota regular em base publica (4 registro(s) OpenFlights),423.1,4,OpenFlights routes + OurAirports airports
PLU,SJK,regional,rota regular em base publica (2 registro(s) OpenFlights),424.5,2,OpenFlights routes + OurAirports airports
PLU,UDI,regional,rota regular em base publica (2 registro(s) OpenFlights),461.2,2,OpenFlights routes + OurAirports airports
PLU,VCP,hub,rota regular em base publica (2 registro(s) OpenFlights),481.4,2,OpenFlights routes + OurAirports airports
PLU,VDC,inter-regional,rota regular em base publica (2 registro(s) OpenFlights),637.0,2,OpenFlights routes + OurAirports airports
PNZ,REC,regional,rota regular em base publica (4 registro(s) OpenFlights),635.5,4,OpenFlights routes + OurAirports airports
PNZ,SSA,hub,rota regular em base publica (2 registro(s) OpenFlights),464.3,2,OpenFlights routes + OurAirports airports
POA,RIA,hub,rota regular em base publica (4 registro(s) OpenFlights),245.1,4,OpenFlights routes + OurAirports airports
POA,RIG,hub,rota regular em base publica (1 registro(s) OpenFlights),251.1,1,OpenFlights routes + OurAirports airports
POA,SDU,hub,rota regular em base publica (2 registro(s) OpenFlights),1119.7,2,OpenFlights routes + OurAirports airports
POA,SRA,hub,rota regular em base publica (1 registro(s) OpenFlights),400.4,1,OpenFlights routes + OurAirports airports
POA,VCP,hub,rota regular em base publica (2 registro(s) OpenFlights),874.2,2,OpenFlights routes + OurAirports airports
POA,XAP,hub,rota regular em base publica (2 registro(s) OpenFlights),349.7,2,OpenFlights routes + OurAirports airports
PPB,VCP,hub,rota regular em base publica (2 registro(s) OpenFlights),450.0,2,OpenFlights routes + OurAirports airports
PVH,RBR,regional,rota regular em base publica (4 registro(s) OpenFlights),456.6,4,OpenFlights routes + OurAirports airports
RAO,SDU,hub,rota regular em base publica (2 registro(s) OpenFlights),514.7,2,OpenFlights routes + OurAirports airports
RAO,SJP,regional,rota regular em base publica (6 registro(s) OpenFlights),173.2,6,OpenFlights routes + OurAirports airports
RAO,UDI,regional,rota regular em base publica (2 registro(s) OpenFlights),254.7,2,OpenFlights routes + OurAirports airports
RAO,VCP,hub,rota regular em base publica (2 registro(s) OpenFlights),218.5,2,OpenFlights routes + OurAirports airports
REC,SSA,hub,rota regular em base publica (8 registro(s) OpenFlights),648.6,8,OpenFlights routes + OurAirports airports
REC,THE,regional,rota regular em base publica (2 registro(s) OpenFlights),936.9,2,OpenFlights routes + OurAirports airports
REC,VCP,hub,rota regular em base publica (2 registro(s) OpenFlights),2106.2,2,OpenFlights routes + OurAirports airports
RIA,URG,regional,rota regular em base publica (2 registro(s) OpenFlights),323.5,2,OpenFlights routes + OurAirports airports
RVD,VCP,hub,rota regular em base publica (2 registro(s) OpenFlights),699.5,2,OpenFlights routes + OurAirports airports
SDU,SJK,hub,rota regular em base publica (4 registro(s) OpenFlights),278.3,4,OpenFlights routes + OurAirports airports
SDU,SSA,hub,rota regular em base publica (2 registro(s) OpenFlights),1224.0,2,OpenFlights routes + OurAirports airports
SDU,VCP,hub,rota regular em base publica (2 registro(s) OpenFlights),406.8,2,OpenFlights routes + OurAirports airports
SDU,VIX,hub,rota regular em base publica (6 registro(s) OpenFlights),418.9,6,OpenFlights routes + OurAirports airports
SJL,TFF,regional,rota regular em base publica (2 registro(s) OpenFlights),438.8,2,OpenFlights routes + OurAirports airports
SJP,VCP,hub,rota regular em base publica (2 registro(s) OpenFlights),338.0,2,OpenFlights routes + OurAirports airports
SLZ,THE,regional,rota regular em base publica (2 registro(s) OpenFlights),316.5,2,OpenFlights routes + OurAirports airports
SSA,VCP,hub,rota regular em base publica (2 registro(s) OpenFlights),1458.3,2,OpenFlights routes + OurAirports airports
SSA,VDC,hub,rota regular em base publica (6 registro(s) OpenFlights),357.4,6,OpenFlights routes + OurAirports airports
SSA,VIX,hub,rota regular em base publica (4 registro(s) OpenFlights),843.5,4,OpenFlights routes + OurAirports airports
STM,TMT,regional,rota regular em base publica (2 registro(s) OpenFlights),206.2,2,OpenFlights routes + OurAirports airports
STZ,SXO,inter-regional,rota regular em base publica (1 registro(s) OpenFlights),131.2,1,OpenFlights routes + OurAirports airports
THE,VCP,hub,rota regular em base publica (2 registro(s) OpenFlights),2048.6,2,OpenFlights routes + OurAirports airports
UBA,UDI,regional,rota regular em base publica (2 registro(s) OpenFlights),101.8,2,OpenFlights routes + OurAirports airports
UBA,VCP,hub,rota regular em base publica (2 registro(s) OpenFlights),370.6,2,OpenFlights routes + OurAirports airports
UDI,VCP,hub,rota regular em base publica (2 registro(s) OpenFlights),472.3,2,OpenFlights routes + OurAirports airports
VCP,VIX,hub,rota regular em base publica (2 registro(s) OpenFlights),771.0,2,OpenFlights routes + OurAirports airports
VCP,XAP,hub,rota regular em base publica (2 registro(s) OpenFlights),720.9,2,OpenFlights routes + OurAirports airports
